resume_text,label
"bachelor of computer science. worked for 10 years of experience in software development. skilled in python, react, deep learning. built projects including web app.",0
"master of data science. worked for 10 years of experience in software development. skilled in tensorflow, react, pandas. built projects including api development.",0
"bachelor of information technology. worked for 1 years of experience in software development. skilled in java, machine learning, react. built projects including api development, recommendation system, web app.",0
"master of data science. worked for 10 years of experience in software development. skilled in docker, machine learning, nlp, numpy, deep learning, python, node. built projects including automation project.",1
"master of data science. worked for 3 years of experience in software development. skilled in sql, machine learning, aws, java, numpy. built projects including recommendation system, data pipeline.",1
"master of data science. worked for 7 years of experience in software development. skilled in node, python, nlp, pandas, java. built projects including recommendation system, api development.",1
"bachelor of computer science. worked for 10 years of experience in software development. skilled in aws, numpy, machine learning, java, python, tensorflow, docker. built projects including recommendation system, web app.",1
"bachelor of information technology. worked for 5 years of experience in software development. skilled in nlp, tensorflow, aws, sql, react. built projects including web app, data pipeline.",1
"master of data science. worked for 10 years of experience in software development. skilled in numpy, tensorflow, sql. built projects including automation project, web app, api development.",0
"bachelor of computer science. worked for 5 years of experience in software development. skilled in tensorflow, react, pandas, machine learning, aws. built projects including web app.",1
"bachelor of computer science. worked for 3 years of experience in software development. skilled in deep learning, java, machine learning, numpy, aws, tensorflow. built projects including cloud deployment, automation project, api development.",1
"master of data science. worked for 3 years of experience in software development. skilled in machine learning, react, pandas, tensorflow. built projects including automation project, api development.",1
"bachelor of computer science. worked for 7 years of experience in software development. skilled in aws, machine learning, sql, pandas, nlp, java. built projects including recommendation system.",1
"master of data science. worked for 10 years of experience in software development. skilled in node, tensorflow, docker, numpy. built projects including cloud deployment.",1
"master of data science. worked for 7 years of experience in software development. skilled in pandas, deep learning, node, python, java, react. built projects including data pipeline, recommendation system, automation project.",1
"bachelor of computer science. worked for 2 years of experience in software development. skilled in python, react, deep learning, pandas, sql, java. built projects including data pipeline, api development, web app.",1
"bachelor of computer science. worked for 3 years of experience in software development. skilled in pandas, node, python, numpy. built projects including cloud deployment, recommendation system.",1
"master of data science. worked for 3 years of experience in software development. skilled in machine learning, python, node, numpy, java. built projects including automation project.",1
"bachelor of information technology. worked for 1 years of experience in software development. skilled in node, sql, react, nlp, pandas, tensorflow, numpy. built projects including api development, cloud deployment, web app.",0
"bachelor of computer science. worked for 10 years of experience in software development. skilled in react, deep learning, docker, aws. built projects including api development, cloud deployment.",1
"bachelor of computer science. worked for 2 years of experience in software development. skilled in java, aws, python, numpy. built projects including web app, api development, automation project.",1
"bachelor of computer science. worked for 1 years of experience in software development. skilled in machine learning, java, python. built projects including recommendation system, api development.",0
"bachelor of computer science. worked for 3 years of experience in software development. skilled in machine learning, pandas, sql, numpy, nlp, node. built projects including cloud deployment, web app.",1
"bachelor of information technology. worked for 1 years of experience in software development. skilled in aws, docker, react, nlp, python, java. built projects including cloud deployment.",0
"bachelor of computer science. worked for 3 years of experience in software development. skilled in machine learning, node, react. built projects including cloud deployment, web app, automation project.",0
"bachelor of computer science. worked for 3 years of experience in software development. skilled in machine learning, java, nlp, pandas, react, python. built projects including api development, recommendation system, automation project.",1
"master of data science. worked for 2 years of experience in software development. skilled in nlp, node, machine learning, docker, python, sql. built projects including recommendation system, cloud deployment.",1
"bachelor of computer science. worked for 5 years of experience in software development. skilled in docker, react, pandas, nlp, sql. built projects including data pipeline.",1
"bachelor of computer science. worked for 1 years of experience in software development. skilled in react, pandas, python, aws, tensorflow, node, deep learning. built projects including api development, automation project.",0
"bachelor of computer science. worked for 1 years of experience in software development. skilled in java, sql, node, numpy, tensorflow, machine learning, nlp. built projects including api development.",0
"bachelor of information technology. worked for 7 years of experience in software development. skilled in python, numpy, java, docker, pandas, aws, sql. built projects including automation project.",1
"bachelor of computer science. worked for 3 years of experience in software development. skilled in deep learning, docker, sql, node. built projects including data pipeline, recommendation system.",1
"master of data science. worked for 5 years of experience in software development. skilled in numpy, java, react, pandas, machine learning, deep learning, tensorflow. built projects including recommendation system, web app.",1
"bachelor of information technology. worked for 3 years of experience in software development. skilled in nlp, pandas, deep learning, numpy. built projects including api development, recommendation system, data pipeline.",1
"master of data science. worked for 1 years of experience in software development. skilled in deep learning, java, react, pandas. built projects including data pipeline.",0
"bachelor of computer science. worked for 7 years of experience in software development. skilled in react, aws, machine learning, deep learning. built projects including cloud deployment, data pipeline, recommendation system.",1
"master of data science. worked for 10 years of experience in software development. skilled in deep learning, python, react, aws, sql, node. built projects including automation project.",1
"bachelor of computer science. worked for 7 years of experience in software development. skilled in pandas, python, java, tensorflow, sql, react. built projects including api development, automation project.",1
"bachelor of information technology. worked for 5 years of experience in software development. skilled in python, deep learning, aws, node. built projects including web app, automation project.",1
"bachelor of computer science. worked for 1 years of experience in software development. skilled in node, pandas, docker, numpy, sql. built projects including web app.",0
"master of data science. worked for 5 years of experience in software development. skilled in sql, react, aws. built projects including automation project, web app.",0
"master of data science. worked for 2 years of experience in software development. skilled in docker, python, nlp. built projects including web app.",0
"bachelor of computer science. worked for 3 years of experience in software development. skilled in node, machine learning, react, python, tensorflow. built projects including data pipeline, automation project.",1
"master of data science. worked for 3 years of experience in software development. skilled in tensorflow, pandas, docker, react, aws. built projects including recommendation system.",1
"bachelor of information technology. worked for 2 years of experience in software development. skilled in deep learning, python, java, numpy, docker, aws, nlp. built projects including cloud deployment, api development.",1
"master of data science. worked for 1 years of experience in software development. skilled in numpy, machine learning, deep learning, python, docker, node. built projects including api development, web app, data pipeline.",0
"master of data science. worked for 1 years of experience in software development. skilled in numpy, aws, tensorflow, java, deep learning. built projects including data pipeline, cloud deployment, automation project.",0
"master of data science. worked for 10 years of experience in software development. skilled in pandas, sql, machine learning, docker, numpy. built projects including automation project, web app, data pipeline.",1
"bachelor of information technology. worked for 7 years of experience in software development. skilled in deep learning, node, machine learning. built projects including api development, automation project.",0
"bachelor of information technology. worked for 3 years of experience in software development. skilled in nlp, node, tensorflow, machine learning, pandas, react. built projects including web app, recommendation system, data pipeline.",1
"bachelor of computer science. worked for 10 years of experience in software development. skilled in aws, java, machine learning, deep learning, tensorflow, pandas, react. built projects including recommendation system.",1
"bachelor of information technology. worked for 5 years of experience in software development. skilled in node, java, nlp, docker, machine learning, numpy, pandas. built projects including web app, automation project.",1
"bachelor of information technology. worked for 10 years of experience in software development. skilled in node, java, docker. built projects including web app.",0
"bachelor of information technology. worked for 7 years of experience in software development. skilled in python, pandas, machine learning, java, nlp, sql. built projects including automation project, api development.",1
"master of data science. worked for 7 years of experience in software development. skilled in node, nlp, numpy, pandas, docker. built projects including cloud deployment, web app, automation project.",1
"bachelor of computer science. worked for 3 years of experience in software development. skilled in tensorflow, deep learning, pandas, nlp. built projects including web app, data pipeline, cloud deployment.",1
"bachelor of computer science. worked for 10 years of experience in software development. skilled in machine learning, deep learning, aws, tensorflow, pandas. built projects including web app.",1
"master of data science. worked for 2 years of experience in software development. skilled in react, sql, machine learning, java, docker, pandas. built projects including api development, cloud deployment.",1
"master of data science. worked for 1 years of experience in software development. skilled in docker, node, numpy, python. built projects including cloud deployment, automation project, recommendation system.",0
"master of data science. worked for 3 years of experience in software development. skilled in docker, pandas, react, numpy, machine learning, nlp. built projects including data pipeline.",1
"bachelor of computer science. worked for 5 years of experience in software development. skilled in docker, aws, tensorflow. built projects including cloud deployment, web app, automation project.",0
"bachelor of computer science. worked for 7 years of experience in software development. skilled in python, docker, numpy, tensorflow, node, java, aws. built projects including web app, cloud deployment.",1
"master of data science. worked for 1 years of experience in software development. skilled in docker, aws, machine learning, nlp, react. built projects including cloud deployment, data pipeline.",0
"bachelor of computer science. worked for 3 years of experience in software development. skilled in nlp, python, pandas. built projects including data pipeline.",0
"bachelor of computer science. worked for 10 years of experience in software development. skilled in node, tensorflow, python. built projects including web app.",0
"bachelor of information technology. worked for 1 years of experience in software development. skilled in sql, machine learning, node, nlp, java, react, numpy. built projects including data pipeline, automation project, web app.",0
"bachelor of computer science. worked for 7 years of experience in software development. skilled in node, sql, deep learning. built projects including api development.",0
"bachelor of information technology. worked for 3 years of experience in software development. skilled in tensorflow, docker, react, machine learning, java, numpy, python. built projects including data pipeline, api development, recommendation system.",1
"master of data science. worked for 1 years of experience in software development. skilled in pandas, docker, tensorflow, aws, java. built projects including automation project, data pipeline, recommendation system.",0
"master of data science. worked for 5 years of experience in software development. skilled in docker, aws, tensorflow. built projects including automation project, web app.",0
"bachelor of computer science. worked for 2 years of experience in software development. skilled in tensorflow, deep learning, numpy, pandas, nlp, node, machine learning. built projects including api development, data pipeline, automation project.",1
"master of data science. worked for 1 years of experience in software development. skilled in nlp, machine learning, node, numpy, docker. built projects including recommendation system, cloud deployment.",0
"bachelor of computer science. worked for 2 years of experience in software development. skilled in machine learning, aws, deep learning, react, tensorflow, pandas. built projects including recommendation system, api development, web app.",1
"master of data science. worked for 2 years of experience in software development. skilled in nlp, pandas, machine learning, node, numpy, react. built projects including recommendation system.",1
"bachelor of information technology. worked for 2 years of experience in software development. skilled in react, machine learning, deep learning, numpy, aws, nlp. built projects including api development, data pipeline, cloud deployment.",1
"bachelor of information technology. worked for 7 years of experience in software development. skilled in aws, react, nlp, deep learning, numpy. built projects including web app, recommendation system.",1
"master of data science. worked for 2 years of experience in software development. skilled in java, react, pandas, sql, machine learning. built projects including automation project.",1
"bachelor of computer science. worked for 3 years of experience in software development. skilled in node, pandas, numpy, deep learning, java, machine learning, sql. built projects including data pipeline.",1
"bachelor of information technology. worked for 3 years of experience in software development. skilled in react, pandas, sql. built projects including recommendation system, automation project.",0
"master of data science. worked for 3 years of experience in software development. skilled in tensorflow, nlp, java, python. built projects including data pipeline, cloud deployment, api development.",1
"master of data science. worked for 3 years of experience in software development. skilled in python, deep learning, nlp, java. built projects including cloud deployment.",1
"bachelor of information technology. worked for 1 years of experience in software development. skilled in tensorflow, node, python, sql, numpy, deep learning, react. built projects including recommendation system.",0
"master of data science. worked for 5 years of experience in software development. skilled in numpy, node, machine learning, pandas, docker, nlp, tensorflow. built projects including api development, cloud deployment.",1
"bachelor of computer science. worked for 7 years of experience in software development. skilled in python, numpy, java, machine learning, react, deep learning, aws. built projects including web app.",1
"master of data science. worked for 2 years of experience in software development. skilled in java, sql, python, docker, nlp, pandas, react. built projects including web app.",1
"bachelor of computer science. worked for 10 years of experience in software development. skilled in react, nlp, java, machine learning, deep learning. built projects including api development, web app, cloud deployment.",1
"bachelor of computer science. worked for 7 years of experience in software development. skilled in tensorflow, sql, deep learning, react. built projects including recommendation system.",1
"master of data science. worked for 3 years of experience in software development. skilled in react, numpy, deep learning, nlp, java, node, aws. built projects including automation project, cloud deployment.",1
"bachelor of computer science. worked for 7 years of experience in software development. skilled in nlp, node, java, numpy, python, docker, aws. built projects including api development, data pipeline.",1
"bachelor of computer science. worked for 1 years of experience in software development. skilled in tensorflow, numpy, react, python. built projects including data pipeline, api development, recommendation system.",0
"master of data science. worked for 5 years of experience in software development. skilled in tensorflow, nlp, deep learning, sql, docker, react, python. built projects including data pipeline, cloud deployment.",1
"bachelor of information technology. worked for 3 years of experience in software development. skilled in sql, aws, docker. built projects including cloud deployment, data pipeline, automation project.",0
"master of data science. worked for 1 years of experience in software development. skilled in java, aws, deep learning, react, node, docker. built projects including recommendation system, api development, cloud deployment.",0
"master of data science. worked for 1 years of experience in software development. skilled in pandas, aws, numpy, nlp. built projects including cloud deployment, recommendation system, web app.",0
"bachelor of information technology. worked for 7 years of experience in software development. skilled in deep learning, nlp, react, java. built projects including automation project.",1
"bachelor of computer science. worked for 2 years of experience in software development. skilled in deep learning, pandas, python, react. built projects including recommendation system, web app.",1
"master of data science. worked for 5 years of experience in software development. skilled in tensorflow, sql, nlp. built projects including data pipeline, api development, automation project.",0
"master of data science. worked for 5 years of experience in software development. skilled in machine learning, nlp, pandas, sql, docker, node. built projects including api development, web app, recommendation system.",1
"bachelor of computer science. worked for 5 years of experience in software development. skilled in node, pandas, deep learning, python, tensorflow. built projects including data pipeline, api development, cloud deployment.",1
"bachelor of information technology. worked for 5 years of experience in software development. skilled in nlp, aws, react, pandas, numpy, docker, machine learning. built projects including web app, automation project.",1
"bachelor of information technology. worked for 5 years of experience in software development. skilled in node, docker, python, aws. built projects including cloud deployment, automation project, api development.",1
"bachelor of computer science. worked for 10 years of experience in software development. skilled in nlp, python, sql, pandas. built projects including data pipeline, recommendation system, cloud deployment.",1
"bachelor of information technology. worked for 7 years of experience in software development. skilled in python, react, sql, docker, tensorflow, java. built projects including data pipeline, automation project.",1
"bachelor of information technology. worked for 10 years of experience in software development. skilled in tensorflow, java, aws, pandas, docker, node. built projects including automation project, cloud deployment, recommendation system.",1
"bachelor of information technology. worked for 1 years of experience in software development. skilled in tensorflow, node, deep learning, machine learning. built projects including recommendation system, cloud deployment, automation project.",0
"master of data science. worked for 10 years of experience in software development. skilled in nlp, sql, deep learning. built projects including recommendation system.",0
"bachelor of computer science. worked for 1 years of experience in software development. skilled in aws, node, docker, sql, machine learning. built projects including cloud deployment, api development, web app.",0
"bachelor of computer science. worked for 2 years of experience in software development. skilled in numpy, docker, node. built projects including web app, cloud deployment, automation project.",0
"bachelor of computer science. worked for 5 years of experience in software development. skilled in nlp, deep learning, tensorflow, python, node. built projects including automation project, api development.",1
"master of data science. worked for 1 years of experience in software development. skilled in aws, numpy, deep learning, docker, tensorflow, nlp. built projects including web app, cloud deployment.",0
"bachelor of computer science. worked for 1 years of experience in software development. skilled in docker, numpy, aws, react. built projects including automation project, data pipeline.",0
"master of data science. worked for 10 years of experience in software development. skilled in deep learning, python, numpy, react, nlp, node. built projects including api development.",1
"master of data science. worked for 2 years of experience in software development. skilled in numpy, deep learning, tensorflow, sql. built projects including recommendation system, automation project, data pipeline.",1
"bachelor of computer science. worked for 1 years of experience in software development. skilled in aws, react, sql, java, deep learning, node, nlp. built projects including web app, automation project.",0
"bachelor of computer science. worked for 7 years of experience in software development. skilled in pandas, node, deep learning, sql, tensorflow. built projects including data pipeline, automation project.",1
"bachelor of computer science. worked for 5 years of experience in software development. skilled in sql, machine learning, tensorflow. built projects including automation project, cloud deployment, data pipeline.",0
"bachelor of information technology. worked for 5 years of experience in software development. skilled in deep learning, pandas, java. built projects including data pipeline, automation project.",0
"bachelor of information technology. worked for 5 years of experience in software development. skilled in java, tensorflow, machine learning, nlp, python. built projects including api development, data pipeline, web app.",1
"master of data science. worked for 1 years of experience in software development. skilled in react, deep learning, tensorflow, docker, java, sql. built projects including recommendation system.",0
"master of data science. worked for 5 years of experience in software development. skilled in java, machine learning, pandas. built projects including cloud deployment.",0
"bachelor of information technology. worked for 3 years of experience in software development. skilled in docker, numpy, sql, node, java, nlp, deep learning. built projects including data pipeline, recommendation system.",1
"master of data science. worked for 3 years of experience in software development. skilled in nlp, node, machine learning, aws. built projects including automation project.",1
"bachelor of information technology. worked for 7 years of experience in software development. skilled in python, docker, deep learning, machine learning, java. built projects including recommendation system, web app.",1
"bachelor of computer science. worked for 10 years of experience in software development. skilled in python, node, aws, machine learning, sql, numpy, react. built projects including web app, api development, automation project.",1
"bachelor of information technology. worked for 3 years of experience in software development. skilled in node, numpy, python, deep learning. built projects including web app.",1
"bachelor of computer science. worked for 3 years of experience in software development. skilled in java, tensorflow, python, sql. built projects including data pipeline.",1
"bachelor of information technology. worked for 7 years of experience in software development. skilled in python, sql, deep learning, node, react. built projects including cloud deployment, api development, recommendation system.",1
"bachelor of information technology. worked for 1 years of experience in software development. skilled in nlp, aws, pandas, numpy, java, node. built projects including web app, api development, recommendation system.",0
"master of data science. worked for 10 years of experience in software development. skilled in deep learning, nlp, tensorflow, python, numpy, react, docker. built projects including cloud deployment, recommendation system.",1
"bachelor of information technology. worked for 10 years of experience in software development. skilled in java, node, aws, numpy, sql, react. built projects including data pipeline.",1
"bachelor of information technology. worked for 10 years of experience in software development. skilled in pandas, react, aws, docker, node, deep learning, machine learning. built projects including api development, cloud deployment, recommendation system.",1
"bachelor of information technology. worked for 1 years of experience in software development. skilled in react, machine learning, docker, nlp, node, tensorflow, sql. built projects including cloud deployment, automation project.",0
"master of data science. worked for 1 years of experience in software development. skilled in docker, aws, tensorflow, deep learning, react. built projects including automation project.",0
"bachelor of information technology. worked for 1 years of experience in software development. skilled in java, node, docker. built projects including automation project.",0
"master of data science. worked for 3 years of experience in software development. skilled in pandas, python, numpy, node. built projects including data pipeline, recommendation system, cloud deployment.",1
"bachelor of information technology. worked for 10 years of experience in software development. skilled in react, python, deep learning, numpy, tensorflow, aws. built projects including api development.",1
"bachelor of computer science. worked for 2 years of experience in software development. skilled in tensorflow, nlp, machine learning, java. built projects including api development, data pipeline.",1
"bachelor of computer science. worked for 3 years of experience in software development. skilled in machine learning, docker, pandas, numpy, tensorflow, python, deep learning. built projects including automation project, data pipeline, recommendation system.",1
"bachelor of computer science. worked for 3 years of experience in software development. skilled in aws, node, python, sql, numpy. built projects including automation project, cloud deployment, recommendation system.",1
"master of data science. worked for 10 years of experience in software development. skilled in java, react, pandas. built projects including cloud deployment.",0
"bachelor of computer science. worked for 5 years of experience in software development. skilled in sql, aws, deep learning, react, java. built projects including web app.",1
"master of data science. worked for 7 years of experience in software development. skilled in tensorflow, java, deep learning. built projects including automation project, cloud deployment.",0
"bachelor of information technology. worked for 7 years of experience in software development. skilled in docker, deep learning, machine learning, pandas, java, aws. built projects including recommendation system, data pipeline.",1
"master of data science. worked for 10 years of experience in software development. skilled in nlp, pandas, tensorflow, deep learning, python, machine learning, node. built projects including recommendation system, automation project, web app.",1
"master of data science. worked for 2 years of experience in software development. skilled in node, deep learning, react, aws. built projects including recommendation system.",1
"bachelor of information technology. worked for 10 years of experience in software development. skilled in sql, node, docker, pandas, machine learning, aws. built projects including cloud deployment.",1
"bachelor of computer science. worked for 1 years of experience in software development. skilled in python, nlp, java, aws, docker, pandas. built projects including automation project, cloud deployment, data pipeline.",0
"bachelor of computer science. worked for 5 years of experience in software development. skilled in aws, sql, numpy. built projects including automation project, data pipeline.",0
"master of data science. worked for 5 years of experience in software development. skilled in machine learning, docker, numpy. built projects including api development, recommendation system.",0
"master of data science. worked for 3 years of experience in software development. skilled in machine learning, aws, sql, java, pandas. built projects including recommendation system, api development, web app.",1
"bachelor of information technology. worked for 3 years of experience in software development. skilled in machine learning, java, sql, deep learning. built projects including web app.",1
"master of data science. worked for 2 years of experience in software development. skilled in sql, tensorflow, nlp. built projects including api development, automation project.",0
"master of data science. worked for 10 years of experience in software development. skilled in tensorflow, node, numpy, aws, react, sql, machine learning. built projects including cloud deployment.",1
"master of data science. worked for 10 years of experience in software development. skilled in node, deep learning, numpy, python, aws. built projects including recommendation system, data pipeline, cloud deployment.",1
"master of data science. worked for 1 years of experience in software development. skilled in aws, deep learning, java. built projects including recommendation system, api development, cloud deployment.",0
"bachelor of computer science. worked for 7 years of experience in software development. skilled in node, react, python, nlp, machine learning, aws, deep learning. built projects including api development, web app.",1
"bachelor of computer science. worked for 5 years of experience in software development. skilled in node, aws, java. built projects including automation project, web app, recommendation system.",0
"master of data science. worked for 10 years of experience in software development. skilled in nlp, pandas, react, numpy, sql, aws. built projects including data pipeline, cloud deployment.",1
"master of data science. worked for 3 years of experience in software development. skilled in python, tensorflow, react, aws, java, numpy, node. built projects including automation project, cloud deployment, data pipeline.",1
"bachelor of information technology. worked for 10 years of experience in software development. skilled in sql, aws, java, numpy, node, react, pandas. built projects including automation project, cloud deployment, web app.",1
"bachelor of information technology. worked for 10 years of experience in software development. skilled in deep learning, pandas, docker. built projects including data pipeline, web app, recommendation system.",0
"master of data science. worked for 10 years of experience in software development. skilled in pandas, aws, python, react, deep learning, sql. built projects including data pipeline.",1
"bachelor of information technology. worked for 2 years of experience in software development. skilled in sql, node, java, deep learning. built projects including api development.",1
"bachelor of information technology. worked for 10 years of experience in software development. skilled in python, tensorflow, aws, numpy, sql, docker, java. built projects including web app.",1
"master of data science. worked for 7 years of experience in software development. skilled in react, nlp, python, docker. built projects including automation project, web app.",1
"master of data science. worked for 7 years of experience in software development. skilled in node, react, nlp, machine learning, pandas. built projects including data pipeline.",1
"master of data science. worked for 2 years of experience in software development. skilled in tensorflow, numpy, nlp, node, deep learning. built projects including api development, automation project.",1
"master of data science. worked for 2 years of experience in software development. skilled in node, numpy, sql, deep learning. built projects including automation project.",1
"master of data science. worked for 3 years of experience in software development. skilled in java, react, pandas, node, deep learning, numpy, docker. built projects including data pipeline.",1
"bachelor of computer science. worked for 7 years of experience in software development. skilled in docker, java, machine learning, nlp. built projects including recommendation system, cloud deployment.",1
"bachelor of computer science. worked for 5 years of experience in software development. skilled in aws, machine learning, docker, java, node, react, python. built projects including recommendation system, data pipeline.",1
"bachelor of computer science. worked for 2 years of experience in software development. skilled in deep learning, nlp, sql. built projects including cloud deployment, automation project, recommendation system.",0
"bachelor of computer science. worked for 1 years of experience in software development. skilled in machine learning, sql, pandas, numpy, tensorflow. built projects including recommendation system, data pipeline.",0
"bachelor of computer science. worked for 3 years of experience in software development. skilled in python, machine learning, docker. built projects including api development, cloud deployment, recommendation system.",0
"master of data science. worked for 5 years of experience in software development. skilled in pandas, python, tensorflow, node, machine learning, sql, nlp. built projects including recommendation system, api development.",1
"master of data science. worked for 2 years of experience in software development. skilled in docker, sql, tensorflow, java, pandas, aws, python. built projects including api development, automation project, recommendation system.",1
"master of data science. worked for 5 years of experience in software development. skilled in tensorflow, docker, aws. built projects including automation project, recommendation system.",0
"master of data science. worked for 1 years of experience in software development. skilled in machine learning, react, tensorflow, java, aws. built projects including recommendation system.",0
"bachelor of information technology. worked for 7 years of experience in software development. skilled in tensorflow, sql, node, nlp, numpy. built projects including web app, automation project, recommendation system.",1
"master of data science. worked for 5 years of experience in software development. skilled in deep learning, machine learning, python. built projects including recommendation system.",0
"master of data science. worked for 3 years of experience in software development. skilled in docker, pandas, nlp, deep learning, python, machine learning, sql. built projects including recommendation system, data pipeline.",1
"bachelor of information technology. worked for 1 years of experience in software development. skilled in docker, node, nlp, react, aws. built projects including cloud deployment.",0
"bachelor of information technology. worked for 5 years of experience in software development. skilled in node, pandas, deep learning, java, docker. built projects including cloud deployment.",1
"bachelor of computer science. worked for 2 years of experience in software development. skilled in deep learning, aws, java, tensorflow, react, node, sql. built projects including api development, cloud deployment.",1
"master of data science. worked for 10 years of experience in software development. skilled in aws, nlp, python, node, docker, deep learning. built projects including recommendation system, automation project, cloud deployment.",1
"bachelor of computer science. worked for 7 years of experience in software development. skilled in python, sql, numpy, nlp. built projects including web app.",1
"master of data science. worked for 2 years of experience in software development. skilled in aws, docker, numpy, python, sql. built projects including cloud deployment, data pipeline, api development.",1
"bachelor of information technology. worked for 1 years of experience in software development. skilled in sql, pandas, aws, docker, tensorflow, deep learning, java. built projects including recommendation system.",0
"bachelor of information technology. worked for 2 years of experience in software development. skilled in pandas, docker, node, java, deep learning, tensorflow. built projects including cloud deployment, web app, data pipeline.",1
"master of data science. worked for 5 years of experience in software development. skilled in java, sql, node, nlp. built projects including automation project.",1
"bachelor of information technology. worked for 1 years of experience in software development. skilled in tensorflow, aws, java, pandas, numpy. built projects including data pipeline, web app.",0
"bachelor of computer science. worked for 10 years of experience in software development. skilled in node, aws, pandas, machine learning. built projects including web app.",1
"bachelor of computer science. worked for 2 years of experience in software development. skilled in python, aws, pandas, numpy, react, nlp. built projects including web app, api development, recommendation system.",1
"bachelor of information technology. worked for 3 years of experience in software development. skilled in react, node, nlp, pandas, docker, numpy. built projects including recommendation system, web app, data pipeline.",1
"bachelor of information technology. worked for 1 years of experience in software development. skilled in nlp, tensorflow, pandas, aws, sql, react. built projects including cloud deployment.",0
"master of data science. worked for 1 years of experience in software development. skilled in pandas, sql, deep learning. built projects including web app.",0
"master of data science. worked for 10 years of experience in software development. skilled in aws, pandas, deep learning, java. built projects including web app, api development.",1
"bachelor of information technology. worked for 2 years of experience in software development. skilled in numpy, pandas, java, react, sql. built projects including api development, web app, automation project.",1
"bachelor of information technology. worked for 7 years of experience in software development. skilled in aws, numpy, python, tensorflow, java, react, node. built projects including data pipeline, web app, cloud deployment.",1
"master of data science. worked for 10 years of experience in software development. skilled in nlp, tensorflow, pandas. built projects including automation project, data pipeline.",0
"bachelor of computer science. worked for 2 years of experience in software development. skilled in deep learning, nlp, java, python, sql, react. built projects including cloud deployment, automation project.",1
"bachelor of computer science. worked for 3 years of experience in software development. skilled in sql, aws, react, tensorflow, docker, node, pandas. built projects including api development, automation project.",1
"bachelor of computer science. worked for 3 years of experience in software development. skilled in nlp, java, deep learning, node. built projects including web app.",1
"bachelor of computer science. worked for 1 years of experience in software development. skilled in docker, numpy, node, machine learning, sql. built projects including api development, data pipeline.",0
"bachelor of information technology. worked for 2 years of experience in software development. skilled in pandas, nlp, react, deep learning, tensorflow, python. built projects including cloud deployment.",1
"master of data science. worked for 5 years of experience in software development. skilled in machine learning, numpy, aws, python. built projects including data pipeline.",1
"master of data science. worked for 7 years of experience in software development. skilled in deep learning, pandas, python, java, docker, sql. built projects including automation project, data pipeline.",1
"bachelor of computer science. worked for 3 years of experience in software development. skilled in docker, python, numpy. built projects including web app, data pipeline, api development.",0
"bachelor of information technology. worked for 5 years of experience in software development. skilled in nlp, pandas, deep learning, numpy, java, sql, python. built projects including data pipeline, automation project.",1
"bachelor of computer science. worked for 3 years of experience in software development. skilled in machine learning, numpy, pandas, docker. built projects including recommendation system, automation project, api development.",1
"bachelor of information technology. worked for 10 years of experience in software development. skilled in node, nlp, pandas, react, sql. built projects including api development, web app, data pipeline.",1
"bachelor of information technology. worked for 3 years of experience in software development. skilled in docker, numpy, deep learning, react. built projects including api development, automation project.",1
"master of data science. worked for 5 years of experience in software development. skilled in deep learning, nlp, python, aws, numpy, java, machine learning. built projects including data pipeline, recommendation system, cloud deployment.",1
"bachelor of computer science. worked for 10 years of experience in software development. skilled in numpy, machine learning, python, node, nlp, sql, deep learning. built projects including automation project, api development, cloud deployment.",1
"master of data science. worked for 10 years of experience in software development. skilled in python, numpy, java, machine learning. built projects including cloud deployment.",1
"bachelor of information technology. worked for 5 years of experience in software development. skilled in docker, react, machine learning, node. built projects including api development, cloud deployment, recommendation system.",1
"bachelor of information technology. worked for 2 years of experience in software development. skilled in machine learning, pandas, aws, nlp, react, docker, sql. built projects including cloud deployment.",1
"bachelor of computer science. worked for 3 years of experience in software development. skilled in aws, tensorflow, react, deep learning, nlp, machine learning, java. built projects including api development, data pipeline.",1
"master of data science. worked for 3 years of experience in software development. skilled in react, machine learning, nlp, aws, tensorflow. built projects including api development, data pipeline.",1
"bachelor of information technology. worked for 1 years of experience in software development. skilled in tensorflow, pandas, docker, node, aws, sql, nlp. built projects including data pipeline.",0
"master of data science. worked for 1 years of experience in software development. skilled in nlp, tensorflow, deep learning, node, machine learning. built projects including api development.",0
"bachelor of information technology. worked for 7 years of experience in software development. skilled in sql, java, numpy, tensorflow, machine learning. built projects including recommendation system.",1
"bachelor of computer science. worked for 7 years of experience in software development. skilled in tensorflow, machine learning, python, java. built projects including data pipeline, cloud deployment.",1
"master of data science. worked for 10 years of experience in software development. skilled in python, pandas, sql, docker. built projects including cloud deployment, automation project, web app.",1
"master of data science. worked for 3 years of experience in software development. skilled in tensorflow, python, java, numpy, machine learning. built projects including automation project, recommendation system, web app.",1
"master of data science. worked for 2 years of experience in software development. skilled in docker, nlp, sql. built projects including data pipeline, recommendation system, api development.",0
"bachelor of computer science. worked for 7 years of experience in software development. skilled in java, aws, deep learning, nlp, pandas, numpy, node. built projects including cloud deployment, data pipeline, web app.",1
"master of data science. worked for 3 years of experience in software development. skilled in react, nlp, tensorflow, deep learning. built projects including web app, recommendation system, data pipeline.",1
"bachelor of computer science. worked for 7 years of experience in software development. skilled in sql, numpy, tensorflow, docker. built projects including api development, data pipeline.",1
"master of data science. worked for 5 years of experience in software development. skilled in sql, node, nlp. built projects including web app, recommendation system.",0
"master of data science. worked for 5 years of experience in software development. skilled in nlp, deep learning, aws, react. built projects including automation project, api development, recommendation system.",1
"bachelor of information technology. worked for 10 years of experience in software development. skilled in react, machine learning, python, java, nlp. built projects including web app, cloud deployment.",1
"master of data science. worked for 7 years of experience in software development. skilled in react, java, tensorflow, deep learning, aws. built projects including web app, automation project, api development.",1
"bachelor of information technology. worked for 2 years of experience in software development. skilled in react, numpy, aws, docker, pandas, nlp. built projects including automation project, web app, api development.",1
"bachelor of computer science. worked for 7 years of experience in software development. skilled in pandas, nlp, node. built projects including data pipeline, recommendation system, api development.",0
"bachelor of information technology. worked for 7 years of experience in software development. skilled in machine learning, numpy, pandas, sql, react, aws, docker. built projects including cloud deployment, recommendation system, web app.",1
"bachelor of information technology. worked for 7 years of experience in software development. skilled in java, pandas, nlp, python, tensorflow, sql. built projects including cloud deployment, automation project, recommendation system.",1
"bachelor of computer science. worked for 5 years of experience in software development. skilled in react, python, docker, deep learning, node. built projects including web app, api development, recommendation system.",1
"master of data science. worked for 5 years of experience in software development. skilled in react, java, pandas, python, node. built projects including recommendation system, data pipeline.",1
"master of data science. worked for 2 years of experience in software development. skilled in node, tensorflow, react, docker. built projects including cloud deployment, automation project.",1
"master of data science. worked for 5 years of experience in software development. skilled in tensorflow, node, pandas. built projects including automation project.",0
"master of data science. worked for 1 years of experience in software development. skilled in pandas, docker, node, sql. built projects including web app, recommendation system, api development.",0
"bachelor of computer science. worked for 5 years of experience in software development. skilled in docker, pandas, node, machine learning, numpy, nlp, sql. built projects including data pipeline.",1
"bachelor of computer science. worked for 10 years of experience in software development. skilled in python, tensorflow, docker. built projects including recommendation system, web app, api development.",0
"bachelor of computer science. worked for 1 years of experience in software development. skilled in python, nlp, numpy, node, machine learning, tensorflow, pandas. built projects including web app, api development.",0
"bachelor of information technology. worked for 1 years of experience in software development. skilled in pandas, deep learning, machine learning, numpy. built projects including api development, automation project.",0
"master of data science. worked for 3 years of experience in software development. skilled in deep learning, sql, tensorflow, pandas. built projects including cloud deployment.",1
"bachelor of computer science. worked for 3 years of experience in software development. skilled in pandas, numpy, sql. built projects including automation project, cloud deployment, api development.",0
"bachelor of information technology. worked for 3 years of experience in software development. skilled in node, pandas, aws, docker, numpy, sql. built projects including cloud deployment, web app.",1
"master of data science. worked for 5 years of experience in software development. skilled in machine learning, deep learning, sql, nlp. built projects including api development.",1
"bachelor of computer science. worked for 5 years of experience in software development. skilled in pandas, sql, docker, machine learning, deep learning, numpy, react. built projects including recommendation system, cloud deployment, data pipeline.",1
"bachelor of information technology. worked for 7 years of experience in software development. skilled in python, deep learning, docker, numpy. built projects including recommendation system, automation project, web app.",1
"bachelor of computer science. worked for 10 years of experience in software development. skilled in machine learning, nlp, node, aws, deep learning, python, java. built projects including automation project.",1
"master of data science. worked for 10 years of experience in software development. skilled in machine learning, react, numpy, node, docker, tensorflow. built projects including data pipeline, automation project, cloud deployment.",1
"master of data science. worked for 7 years of experience in software development. skilled in deep learning, node, aws, pandas, nlp. built projects including recommendation system, cloud deployment.",1
"bachelor of information technology. worked for 2 years of experience in software development. skilled in aws, docker, python, numpy, machine learning. built projects including web app, recommendation system, data pipeline.",1
"master of data science. worked for 7 years of experience in software development. skilled in react, docker, deep learning, sql, machine learning, aws, java. built projects including api development, web app.",1
"master of data science. worked for 7 years of experience in software development. skilled in deep learning, nlp, tensorflow, react, numpy. built projects including automation project.",1
"bachelor of computer science. worked for 2 years of experience in software development. skilled in react, pandas, nlp, sql. built projects including automation project, recommendation system, api development.",1
"bachelor of computer science. worked for 10 years of experience in software development. skilled in node, python, docker. built projects including automation project.",0
"bachelor of information technology. worked for 1 years of experience in software development. skilled in python, machine learning, pandas, nlp. built projects including recommendation system, api development.",0
"bachelor of information technology. worked for 10 years of experience in software development. skilled in nlp, tensorflow, node, python, numpy, docker, pandas. built projects including api development.",1
"bachelor of information technology. worked for 3 years of experience in software development. skilled in deep learning, python, pandas, docker, sql, java, react. built projects including web app, automation project, api development.",1
"bachelor of computer science. worked for 7 years of experience in software development. skilled in aws, deep learning, docker, java, node. built projects including cloud deployment, api development.",1
"master of data science. worked for 10 years of experience in software development. skilled in deep learning, tensorflow, java, python. built projects including cloud deployment.",1
"bachelor of information technology. worked for 5 years of experience in software development. skilled in nlp, python, tensorflow, react, sql, java, machine learning. built projects including automation project, data pipeline.",1
"master of data science. worked for 1 years of experience in software development. skilled in python, machine learning, react, numpy, nlp, deep learning, node. built projects including automation project.",0
"master of data science. worked for 7 years of experience in software development. skilled in tensorflow, python, sql, aws, react, machine learning, deep learning. built projects including automation project.",1
"bachelor of information technology. worked for 1 years of experience in software development. skilled in sql, numpy, machine learning, react, docker. built projects including api development, data pipeline, cloud deployment.",0
"master of data science. worked for 2 years of experience in software development. skilled in pandas, react, aws. built projects including recommendation system.",0
"bachelor of information technology. worked for 2 years of experience in software development. skilled in aws, numpy, react. built projects including cloud deployment, data pipeline, recommendation system.",0
"bachelor of information technology. worked for 3 years of experience in software development. skilled in nlp, machine learning, aws, pandas, docker, numpy. built projects including automation project.",1
"bachelor of information technology. worked for 10 years of experience in software development. skilled in java, numpy, deep learning, machine learning, node, pandas. built projects including web app, cloud deployment.",1
"bachelor of computer science. worked for 10 years of experience in software development. skilled in react, docker, aws, tensorflow. built projects including recommendation system.",1
"bachelor of information technology. worked for 3 years of experience in software development. skilled in aws, deep learning, java, sql, tensorflow, numpy. built projects including cloud deployment, api development.",1
"bachelor of computer science. worked for 7 years of experience in software development. skilled in java, python, node, aws, pandas, tensorflow. built projects including api development, data pipeline, cloud deployment.",1
"master of data science. worked for 3 years of experience in software development. skilled in docker, java, pandas, machine learning, tensorflow, sql. built projects including cloud deployment, web app, api development.",1
"master of data science. worked for 3 years of experience in software development. skilled in nlp, sql, java, react, docker. built projects including cloud deployment, data pipeline.",1
"master of data science. worked for 1 years of experience in software development. skilled in deep learning, machine learning, tensorflow, nlp, react. built projects including recommendation system, web app.",0
"bachelor of computer science. worked for 1 years of experience in software development. skilled in aws, numpy, docker, node, nlp, react. built projects including automation project, api development.",0
"master of data science. worked for 3 years of experience in software development. skilled in numpy, react, machine learning, nlp, aws. built projects including cloud deployment.",1
"bachelor of computer science. worked for 3 years of experience in software development. skilled in numpy, machine learning, aws, docker, deep learning, node. built projects including recommendation system, api development.",1
"master of data science. worked for 7 years of experience in software development. skilled in sql, tensorflow, pandas, python, nlp, machine learning, react. built projects including automation project, recommendation system.",1
"master of data science. worked for 10 years of experience in software development. skilled in sql, tensorflow, deep learning, machine learning, react, node. built projects including cloud deployment, automation project, recommendation system.",1
"bachelor of information technology. worked for 7 years of experience in software development. skilled in numpy, docker, pandas, tensorflow, react, python. built projects including automation project, api development.",1
"bachelor of information technology. worked for 10 years of experience in software development. skilled in java, machine learning, tensorflow. built projects including data pipeline, web app, recommendation system.",0
"bachelor of information technology. worked for 10 years of experience in software development. skilled in node, aws, docker, java, python, numpy. built projects including web app, api development.",1
"bachelor of information technology. worked for 7 years of experience in software development. skilled in numpy, react, node, machine learning, nlp, aws, tensorflow. built projects including automation project, api development.",1
"bachelor of computer science. worked for 7 years of experience in software development. skilled in aws, python, nlp, java. built projects including cloud deployment, recommendation system.",1
"master of data science. worked for 10 years of experience in software development. skilled in aws, deep learning, node, nlp. built projects including api development.",1
"bachelor of computer science. worked for 3 years of experience in software development. skilled in java, nlp, react, aws, node, deep learning. built projects including automation project.",1
"master of data science. worked for 1 years of experience in software development. skilled in tensorflow, java, node, sql, machine learning. built projects including web app, api development, automation project.",0
"bachelor of computer science. worked for 7 years of experience in software development. skilled in nlp, machine learning, docker, sql, numpy, tensorflow. built projects including recommendation system, api development.",1
"bachelor of information technology. worked for 5 years of experience in software development. skilled in docker, node, python, machine learning, numpy, deep learning, react. built projects including recommendation system, api development, automation project.",1
"bachelor of information technology. worked for 2 years of experience in software development. skilled in aws, machine learning, nlp, java, deep learning. built projects including cloud deployment, api development, data pipeline.",1
"bachelor of information technology. worked for 5 years of experience in software development. skilled in docker, numpy, java, aws, react, nlp, deep learning. built projects including automation project.",1
"master of data science. worked for 3 years of experience in software development. skilled in numpy, java, tensorflow, sql, aws, react, nlp. built projects including recommendation system, web app.",1
"master of data science. worked for 10 years of experience in software development. skilled in pandas, docker, react, numpy. built projects including api development.",1
"bachelor of computer science. worked for 5 years of experience in software development. skilled in nlp, tensorflow, pandas, sql. built projects including web app, cloud deployment, data pipeline.",1
"master of data science. worked for 2 years of experience in software development. skilled in nlp, numpy, python, aws, tensorflow. built projects including web app, automation project.",1
"bachelor of information technology. worked for 7 years of experience in software development. skilled in tensorflow, nlp, docker, react, node, numpy, machine learning. built projects including recommendation system.",1
"bachelor of information technology. worked for 1 years of experience in software development. skilled in deep learning, python, node, machine learning. built projects including data pipeline, web app, cloud deployment.",0
"bachelor of information technology. worked for 10 years of experience in software development. skilled in pandas, node, java, numpy, tensorflow, deep learning. built projects including data pipeline, api development, recommendation system.",1
"master of data science. worked for 5 years of experience in software development. skilled in machine learning, docker, java, node, deep learning, python, numpy. built projects including data pipeline, recommendation system.",1
"bachelor of information technology. worked for 1 years of experience in software development. skilled in machine learning, react, numpy, aws. built projects including api development, cloud deployment, web app.",0
"master of data science. worked for 2 years of experience in software development. skilled in machine learning, python, numpy, aws. built projects including data pipeline, api development, web app.",1
"bachelor of computer science. worked for 10 years of experience in software development. skilled in deep learning, numpy, node, pandas, java. built projects including cloud deployment.",1
"master of data science. worked for 3 years of experience in software development. skilled in react, sql, machine learning, node. built projects including data pipeline, web app, cloud deployment.",1
"bachelor of information technology. worked for 2 years of experience in software development. skilled in tensorflow, deep learning, node, docker, numpy, nlp, python. built projects including recommendation system, cloud deployment, data pipeline.",1
"bachelor of information technology. worked for 3 years of experience in software development. skilled in nlp, aws, numpy, python, java, node. built projects including automation project, data pipeline, recommendation system.",1
"bachelor of information technology. worked for 5 years of experience in software development. skilled in docker, machine learning, nlp, deep learning. built projects including data pipeline, automation project.",1
"bachelor of information technology. worked for 7 years of experience in software development. skilled in numpy, nlp, aws, python. built projects including recommendation system.",1
"bachelor of computer science. worked for 5 years of experience in software development. skilled in java, sql, nlp. built projects including recommendation system, cloud deployment.",0
"master of data science. worked for 10 years of experience in software development. skilled in tensorflow, deep learning, sql, react. built projects including automation project.",1
"master of data science. worked for 3 years of experience in software development. skilled in aws, tensorflow, react. built projects including recommendation system.",0
"master of data science. worked for 10 years of experience in software development. skilled in react, node, machine learning, docker, java. built projects including recommendation system, automation project, web app.",1
"bachelor of information technology. worked for 1 years of experience in software development. skilled in numpy, machine learning, pandas, nlp. built projects including recommendation system.",0
"master of data science. worked for 3 years of experience in software development. skilled in docker, react, sql. built projects including recommendation system, web app.",0
"bachelor of computer science. worked for 1 years of experience in software development. skilled in java, aws, react. built projects including web app, cloud deployment.",0
"master of data science. worked for 10 years of experience in software development. skilled in java, pandas, numpy, python. built projects including automation project, web app, cloud deployment.",1
"bachelor of computer science. worked for 10 years of experience in software development. skilled in tensorflow, react, sql, docker. built projects including automation project, cloud deployment, web app.",1
"bachelor of computer science. worked for 1 years of experience in software development. skilled in node, java, numpy, docker. built projects including cloud deployment, data pipeline.",0
"bachelor of information technology. worked for 2 years of experience in software development. skilled in tensorflow, java, machine learning, pandas, deep learning. built projects including recommendation system, data pipeline, web app.",1
"master of data science. worked for 7 years of experience in software development. skilled in machine learning, react, docker, deep learning, python, node, nlp. built projects including recommendation system, web app.",1
"master of data science. worked for 10 years of experience in software development. skilled in java, pandas, python, aws, numpy, sql, machine learning. built projects including cloud deployment, data pipeline, web app.",1
"bachelor of computer science. worked for 1 years of experience in software development. skilled in numpy, java, python. built projects including web app, recommendation system.",0
"master of data science. worked for 5 years of experience in software development. skilled in deep learning, tensorflow, pandas, docker, numpy, react, python. built projects including api development, automation project, web app.",1
"bachelor of information technology. worked for 1 years of experience in software development. skilled in java, pandas, machine learning, sql, react. built projects including cloud deployment, api development.",0
"bachelor of computer science. worked for 10 years of experience in software development. skilled in deep learning, react, docker. built projects including web app, recommendation system, automation project.",0
"bachelor of information technology. worked for 5 years of experience in software development. skilled in nlp, numpy, react. built projects including data pipeline.",0
"master of data science. worked for 10 years of experience in software development. skilled in java, python, sql, react. built projects including cloud deployment.",1
"bachelor of computer science. worked for 7 years of experience in software development. skilled in node, react, deep learning, sql, aws, numpy, pandas. built projects including automation project, recommendation system.",1
"bachelor of computer science. worked for 3 years of experience in software development. skilled in deep learning, pandas, java, node, tensorflow, nlp. built projects including api development, data pipeline.",1
"bachelor of computer science. worked for 5 years of experience in software development. skilled in sql, aws, node, deep learning, java, pandas, nlp. built projects including api development, recommendation system, automation project.",1
"bachelor of computer science. worked for 2 years of experience in software development. skilled in nlp, aws, docker. built projects including web app.",0
"master of data science. worked for 7 years of experience in software development. skilled in machine learning, aws, node, docker, react, deep learning. built projects including api development.",1
"master of data science. worked for 1 years of experience in software development. skilled in tensorflow, python, sql, machine learning, pandas, react, numpy. built projects including cloud deployment.",0
"bachelor of information technology. worked for 3 years of experience in software development. skilled in java, pandas, nlp, python, aws. built projects including data pipeline.",1
"master of data science. worked for 3 years of experience in software development. skilled in machine learning, nlp, aws, numpy, react, node, tensorflow. built projects including web app, automation project, recommendation system.",1
"bachelor of information technology. worked for 1 years of experience in software development. skilled in pandas, aws, tensorflow, python. built projects including recommendation system, cloud deployment.",0
"bachelor of information technology. worked for 10 years of experience in software development. skilled in java, machine learning, pandas, react, docker. built projects including recommendation system, web app.",1
"master of data science. worked for 3 years of experience in software development. skilled in python, machine learning, pandas. built projects including automation project, data pipeline.",0
"master of data science. worked for 10 years of experience in software development. skilled in numpy, java, pandas. built projects including automation project.",0
"master of data science. worked for 1 years of experience in software development. skilled in numpy, python, docker, sql, machine learning, deep learning, node. built projects including cloud deployment, data pipeline.",0
"bachelor of computer science. worked for 5 years of experience in software development. skilled in machine learning, java, node, sql, react. built projects including recommendation system.",1
"master of data science. worked for 5 years of experience in software development. skilled in aws, docker, java, pandas, node, machine learning. built projects including data pipeline, cloud deployment.",1
"bachelor of computer science. worked for 1 years of experience in software development. skilled in sql, tensorflow, deep learning. built projects including automation project, api development, recommendation system.",0
"bachelor of information technology. worked for 3 years of experience in software development. skilled in java, react, machine learning, aws. built projects including api development, recommendation system.",1
"master of data science. worked for 3 years of experience in software development. skilled in sql, python, docker, nlp, pandas. built projects including api development, web app, recommendation system.",1
"master of data science. worked for 1 years of experience in software development. skilled in java, python, react, machine learning. built projects including web app.",0
"bachelor of computer science. worked for 3 years of experience in software development. skilled in numpy, node, deep learning. built projects including recommendation system.",0
"bachelor of information technology. worked for 2 years of experience in software development. skilled in node, sql, java, aws, tensorflow, python. built projects including recommendation system, web app.",1
"master of data science. worked for 5 years of experience in software development. skilled in nlp, python, docker, tensorflow, sql, aws. built projects including web app.",1
"master of data science. worked for 3 years of experience in software development. skilled in sql, python, numpy, tensorflow, machine learning, deep learning. built projects including cloud deployment, api development.",1
"bachelor of computer science. worked for 1 years of experience in software development. skilled in deep learning, docker, sql. built projects including web app, api development.",0
"master of data science. worked for 10 years of experience in software development. skilled in node, python, docker, aws, nlp, pandas, sql. built projects including api development, data pipeline, cloud deployment.",1
"bachelor of computer science. worked for 2 years of experience in software development. skilled in aws, numpy, machine learning. built projects including data pipeline.",0
"bachelor of information technology. worked for 5 years of experience in software development. skilled in aws, numpy, machine learning, sql, java, tensorflow, node. built projects including data pipeline.",1
"bachelor of computer science. worked for 10 years of experience in software development. skilled in node, machine learning, numpy. built projects including data pipeline, web app.",0
"master of data science. worked for 2 years of experience in software development. skilled in aws, react, node, numpy, python, tensorflow, deep learning. built projects including web app, api development, automation project.",1
"bachelor of computer science. worked for 7 years of experience in software development. skilled in sql, nlp, python, java, tensorflow. built projects including api development.",1
"bachelor of computer science. worked for 1 years of experience in software development. skilled in nlp, python, aws, numpy, machine learning, sql, node. built projects including web app, data pipeline, recommendation system.",0
"master of data science. worked for 2 years of experience in software development. skilled in react, sql, java, pandas, aws, tensorflow, node. built projects including automation project, cloud deployment, recommendation system.",1
"bachelor of information technology. worked for 3 years of experience in software development. skilled in sql, node, docker, nlp, aws. built projects including automation project.",1
"bachelor of computer science. worked for 10 years of experience in software development. skilled in node, aws, machine learning, numpy, sql, docker, pandas. built projects including automation project, data pipeline, web app.",1
"bachelor of information technology. worked for 10 years of experience in software development. skilled in react, numpy, docker. built projects including recommendation system, web app, data pipeline.",0
"bachelor of information technology. worked for 2 years of experience in software development. skilled in java, nlp, sql, aws, node, machine learning, tensorflow. built projects including web app, recommendation system.",1
"bachelor of computer science. worked for 10 years of experience in software development. skilled in nlp, python, deep learning, machine learning, numpy. built projects including recommendation system, data pipeline, api development.",1
"master of data science. worked for 10 years of experience in software development. skilled in python, docker, nlp. built projects including cloud deployment, web app, automation project.",0
"bachelor of computer science. worked for 5 years of experience in software development. skilled in pandas, docker, java, nlp, machine learning. built projects including cloud deployment.",1
"bachelor of computer science. worked for 1 years of experience in software development. skilled in python, aws, deep learning, java, numpy. built projects including web app, cloud deployment.",0
"master of data science. worked for 10 years of experience in software development. skilled in pandas, java, aws. built projects including api development, cloud deployment, recommendation system.",0
"bachelor of computer science. worked for 10 years of experience in software development. skilled in numpy, docker, sql, python. built projects including data pipeline.",1
"bachelor of computer science. worked for 2 years of experience in software development. skilled in react, pandas, node, deep learning, numpy, tensorflow. built projects including recommendation system.",1
"bachelor of information technology. worked for 5 years of experience in software development. skilled in pandas, nlp, sql, python, aws, numpy, machine learning. built projects including data pipeline.",1
"bachelor of computer science. worked for 10 years of experience in software development. skilled in nlp, machine learning, java, python, react, sql, aws. built projects including recommendation system, cloud deployment.",1
"master of data science. worked for 3 years of experience in software development. skilled in nlp, node, tensorflow, deep learning, java, docker. built projects including data pipeline.",1
"master of data science. worked for 3 years of experience in software development. skilled in nlp, python, deep learning, node. built projects including data pipeline, web app.",1
"bachelor of information technology. worked for 7 years of experience in software development. skilled in sql, react, tensorflow. built projects including recommendation system.",0
"bachelor of information technology. worked for 3 years of experience in software development. skilled in docker, numpy, machine learning, pandas, python, node, nlp. built projects including cloud deployment, api development, automation project.",1
"bachelor of computer science. worked for 2 years of experience in software development. skilled in deep learning, java, docker, python, pandas, sql. built projects including cloud deployment.",1
"bachelor of computer science. worked for 2 years of experience in software development. skilled in node, machine learning, sql, python. built projects including recommendation system, cloud deployment.",1
"bachelor of information technology. worked for 10 years of experience in software development. skilled in numpy, deep learning, aws, java. built projects including cloud deployment.",1
"bachelor of information technology. worked for 5 years of experience in software development. skilled in aws, deep learning, pandas, nlp, python, docker, tensorflow. built projects including web app, automation project.",1
"master of data science. worked for 7 years of experience in software development. skilled in node, java, react, numpy, tensorflow, deep learning, docker. built projects including data pipeline, cloud deployment, automation project.",1
"bachelor of information technology. worked for 10 years of experience in software development. skilled in numpy, node, nlp, python, sql, deep learning. built projects including web app, api development.",1
"master of data science. worked for 10 years of experience in software development. skilled in python, docker, aws, machine learning, node, nlp. built projects including data pipeline, recommendation system.",1
"bachelor of information technology. worked for 3 years of experience in software development. skilled in deep learning, nlp, tensorflow, java, machine learning. built projects including data pipeline.",1
"bachelor of computer science. worked for 5 years of experience in software development. skilled in deep learning, react, docker, numpy, java. built projects including cloud deployment.",1
"bachelor of information technology. worked for 5 years of experience in software development. skilled in node, pandas, aws, python, react, sql. built projects including data pipeline.",1
"bachelor of computer science. worked for 7 years of experience in software development. skilled in sql, pandas, numpy, python, node, machine learning. built projects including recommendation system.",1
"bachelor of computer science. worked for 1 years of experience in software development. skilled in python, aws, machine learning, deep learning, react, nlp. built projects including cloud deployment, recommendation system, api development.",0
"bachelor of information technology. worked for 3 years of experience in software development. skilled in numpy, nlp, sql, react, pandas, aws. built projects including web app, data pipeline.",1
"bachelor of information technology. worked for 10 years of experience in software development. skilled in deep learning, python, docker. built projects including web app.",0
"bachelor of information technology. worked for 2 years of experience in software development. skilled in tensorflow, machine learning, node, react. built projects including automation project, cloud deployment.",1
"bachelor of computer science. worked for 1 years of experience in software development. skilled in nlp, sql, tensorflow. built projects including api development.",0
"master of data science. worked for 2 years of experience in software development. skilled in numpy, deep learning, tensorflow, react, docker. built projects including data pipeline, cloud deployment.",1
"bachelor of information technology. worked for 2 years of experience in software development. skilled in deep learning, tensorflow, pandas, numpy, docker, java. built projects including api development.",1
"master of data science. worked for 3 years of experience in software development. skilled in tensorflow, numpy, react, deep learning, node, java, machine learning. built projects including data pipeline.",1
"bachelor of computer science. worked for 10 years of experience in software development. skilled in deep learning, node, tensorflow, react, machine learning. built projects including api development.",1
